Epoch 0,Epoch 1,Epoch 2,Epoch 3,Epoch 4
151.42007446289062,103.4905776977539,56.952178955078125,11.998931884765625,-31.231666564941406
